資料区分,都道府県コード,警察署等コード,本票番号,事故内容,死者数,負傷者数,路線コード,上下線,地点コード,市区町村コード,昼夜,天候,地形,路面状態,道路形状,環状交差点の直径,信号機,一時停止規制　標識（当事者A）,一時停止規制　表示（当事者A）,一時停止規制　標識（当事者B）,一時停止規制　表示（当事者B）,車道幅員,道路線形,衝突地点,ゾーン規制,中央分離帯施設等,歩車道区分,事故類型,年齢（当事者A）,年齢（当事者B）,当事者種別（当事者A）,当事者種別（当事者B）,用途別（当事者A）,用途別（当事者B）,車両形状（当事者A）,車両形状（当事者B）,速度規制（指定のみ）（当事者A）,速度規制（指定のみ）（当事者B）,車両の衝突部位（当事者A）,車両の衝突部位（当事者B）,車両の損壊程度（当事者A）,車両の損壊程度（当事者B）,エアバッグの装備（当事者A）,エアバッグの装備（当事者B）,サイドエアバッグの装備（当事者A）,サイドエアバッグの装備（当事者B）,人身損傷程度（当事者A）,人身損傷程度（当事者B）,曜日(発生年月日),祝日(発生年月日),発生地点,道路管理者区分,道路区分,道路構造,曲線半径,縦断勾配,トンネル番号,当事者車両台数,車両単独事故の対象物,臨時速度規制の有無,速度規制（臨時のみ）,トンネル延長距離,緯度,経度,発生日,発生時,color
本票,福井,鯖江,0013,負傷,0,1,一般市町村道 37000,対象外,0000,423,昼－昼,雨,非市街地,舗装－湿潤,交差点－その他,環状交差点以外 環状交差点以外をいう。,施設なし,拡大－反射式,表示あり,規制なし,表示なし,交差点－中（5.5m以上）－小,直線－平坦,交差点内,規制なし,中央線－ペイント,区分あり－縁石・ブロック等,車両相互,55～64歳,25～34歳,乗用車－普通車,乗用車－普通車,自家用,自家用,乗用車,乗用車,指定の速度規制なし等,指定の速度規制なし等,前-無,右-無,中破,中破,装備あり 作動,装備あり 作動,その他,その他,損傷なし,負傷,日,その他,,,,,,,,,,,,,35.966614,136.133246,2019-02-03,14:45,blue
本票,福井,鯖江,0014,負傷,0,1,一般市町村道 37000,対象外,0000,207,夜－暮,曇,非市街地,舗装－湿潤,交差点－その他,環状交差点以外 環状交差点以外をいう。,施設なし,規制なし,表示なし,標準－反射式,表示あり,交差点－中（5.5m以上）－中,直線－平坦,交差点内,規制なし,中央線－ペイント,区分なし,車両相互,65～74歳,45～54歳,乗用車－普通車,貨物車－普通車,自家用,自家用,乗用車,貨物車,40㎞／ｈ以下,指定の速度規制なし等,右-無,前-無,中破,中破,その他,その他,その他,その他,負傷,損傷なし,木,その他,,,,,,,,,,,,,35.965797,136.197340,2019-01-24,18:08,blue
本票,福井,鯖江,0015,負傷,0,1,一般都道府県道 21030,対象外,0000,207,夜－夜,雨,非市街地,舗装－湿潤,交差点－その他,環状交差点以外 環状交差点以外をいう。,点灯－３灯式,規制なし,表示なし,規制なし,表示なし,交差点－中（5.5m以上）－中,直線－平坦,交差点内,規制なし,中央線－ペイント,区分あり－縁石・ブロック等,車両相互,45～54歳,45～54歳,乗用車－軽自動車,軽車両－自転車,自家用,対象外当事者,乗用車,対象外当事者,50㎞／ｈ以下,対象外当事者,右前-無,左-無,小破,小破,その他,対象外当事者,その他,対象外当事者,損傷なし,負傷,水,その他,,,,,,,,,,,,,35.978999,136.178472,2019-02-20,19:17,blue
本票,福井,鯖江,0016,負傷,0,2,国道8号線,上,0000,207,夜－夜,曇,市街地－その他,舗装－乾燥,単路－その他,環状交差点以外 環状交差点以外をいう。,施設なし,対象外当事者,その他,対象外当事者,その他,単路－9.0m以上,直線－平坦,単路（交差点付近を含む）,規制なし,中央分離帯,区分あり－縁石・ブロック等,車両相互,0～24歳,25～34歳,乗用車－普通車,乗用車－軽自動車,自家用,自家用,乗用車,乗用車,指定の速度規制なし等,指定の速度規制なし等,後-無,前-無,中破,小破,その他,その他,その他,その他,負傷,損傷なし,土,その他,,,,,,,,,,,,,35.941383,136.192891,2019-02-02,22:25,blue
本票,福井,越前,0005,負傷,0,2,一般都道府県道 20530,対象外,0000,404,昼－昼,曇,非市街地,舗装－乾燥,交差点－その他,環状交差点以外 環状交差点以外をいう。,施設なし,規制なし,表示なし,標準－反射式,表示あり,交差点－中（5.5m以上）－中,直線－平坦,交差点内,規制なし,中央線－ペイント,区分あり－縁石・ブロック等,車両相互,45～54歳,75歳以上,乗用車－軽自動車,貨物車－軽自動車,自家用,自家用,乗用車,貨物車,40㎞／ｈ以下,指定の速度規制なし等,左前-左後,右前-右後,中破,中破,装備あり 作動,その他,その他,その他,負傷,損傷なし,水,その他,,,,,,,,,,,,,35.816369,136.204072,2019-01-23,13:06,blue
本票,福井,越前,0006,死亡,1,0,国道365号線,対象外,0000,209,夜－暮,曇,非市街地,舗装－湿潤,単路－その他,環状交差点以外 環状交差点以外をいう。,施設なし,対象外当事者,その他,対象外当事者,その他,単路－5.5m以上,直線－平坦,単路（交差点付近を含む）,規制なし,中央線－ペイント,区分あり－縁石・ブロック等,人対車両,55～64歳,75歳以上,乗用車－普通車,歩行者,自家用,対象外当事者,乗用車,対象外当事者,50㎞／ｈ以下,対象外当事者,左前-無,無-無,小破,対象外当事者,その他,対象外当事者,その他,対象外当事者,損傷なし,死亡,木,その他,,,,,,,,,,,,,35.869183,136.168798,2019-02-07,18:05,red
本票,福井,越前,0007,負傷,0,1,一般市町村道 37000,対象外,0000,209,昼－昼,曇,非市街地,舗装－乾燥,交差点－その他,環状交差点以外 環状交差点以外をいう。,施設なし,規制なし,表示なし,規制なし,表示なし,交差点－小（5.5m未満）－小,直線－平坦,交差点内,規制なし,中央分離なし,区分なし,車両相互,65～74歳,75歳以上,貨物車－軽自動車,二輪車－原付自転車,自家用,自家用,貨物車,対象外当事者,指定の速度規制なし等,指定の速度規制なし等,前-無,左-無,小破,中破,その他,対象外当事者,その他,対象外当事者,損傷なし,負傷,水,その他,,,,,,,,,,,,,35.898345,136.216906,2019-02-13,15:46,blue
本票,福井,越前,0008,負傷,0,2,国道8号線,下,0427,209,夜－夜,曇,非市街地,舗装－乾燥,単路－その他,環状交差点以外 環状交差点以外をいう。,施設なし,対象外当事者,その他,対象外当事者,その他,単路－13.0m以上,直線－平坦,単路（交差点付近を含む）,規制なし,中央分離帯,区分あり－縁石・ブロック等,車両相互,0～24歳,25～34歳,貨物車－準中型車,乗用車－普通車,事業用,自家用,貨物車,乗用車,指定の速度規制なし等,指定の速度規制なし等,前-左前,右後-無,中破,小破,装備あり 作動,その他,その他,その他,損傷なし,負傷,水,その他,,,,,,,,,,,,,35.908841,136.191946,2019-01-30,01:10,blue
本票,福井,敦賀,0015,負傷,0,1,一般市町村道 37000,対象外,0000,202,昼－昼,曇,非市街地,舗装－乾燥,単路－その他,環状交差点以外 環状交差点以外をいう。,施設なし,対象外当事者,その他,対象外当事者,その他,単路－5.5m以上,直線－平坦,単路（交差点付近を含む）,規制なし,中央線－ペイント,区分あり－縁石・ブロック等,車両相互,65～74歳,65～74歳,乗用車－普通車,乗用車－普通車,自家用,自家用,乗用車,乗用車,40㎞／ｈ以下,40㎞／ｈ以下,前-無,後-無,小破,小破,その他,その他,その他,その他,損傷なし,負傷,水,その他,,,,,,,,,,,,,35.645259,136.047906,2019-01-23,13:50,blue
本票,福井,敦賀,0016,負傷,0,1,一般市町村道 37000,対象外,0000,442,夜－夜,雨,市街地－その他,舗装－湿潤,単路－その他,環状交差点以外 環状交差点以外をいう。,施設なし,対象外当事者,その他,対象外当事者,その他,単路－5.5m以上,直線－平坦,単路（交差点付近を含む）,規制なし,中央分離なし,区分なし,人対車両,25～34歳,55～64歳,乗用車－軽自動車,歩行者,自家用,対象外当事者,乗用車,対象外当事者,指定の速度規制なし等,対象外当事者,左前-無,無-無,小破,対象外当事者,その他,対象外当事者,その他,対象外当事者,損傷なし,負傷,火,その他,,,,,,,,,,,,,35.604556,135.934501,2019-01-08,20:02,blue
本票,福井,敦賀,0017,負傷,0,1,一般都道府県道 21500,対象外,9999,202,夜－夜,曇,市街地－その他,舗装－乾燥,交差点－その他,環状交差点以外 環状交差点以外をいう。,点灯－３灯式,規制なし,表示なし,規制なし,表示なし,交差点－中（5.5m以上）－中,直線－平坦,交差点内,規制なし,中央線－ペイント,区分あり－縁石・ブロック等,車両相互,65～74歳,25～34歳,乗用車－普通車,乗用車－普通車,自家用,自家用,乗用車,乗用車,40㎞／ｈ以下,40㎞／ｈ以下,左前-無,左前-無,中破,中破,その他,その他,その他,その他,損傷なし,負傷,月,当日,,,,,,,,,,,,,35.647036,136.063895,2019-01-14,18:36,blue
本票,福井,敦賀,0018,負傷,0,1,一般都道府県道 20580,対象外,0000,202,夜－夜,晴,市街地－人口集中,舗装－乾燥,交差点付近－その他,環状交差点以外 環状交差点以外をいう。,点灯－３灯式,対象外当事者,その他,対象外当事者,その他,単路－9.0m以上,直線－平坦,単路（交差点付近を含む）,規制なし,中央線－ペイント,区分あり－縁石・ブロック等,車両相互,25～34歳,45～54歳,乗用車－普通車,乗用車－普通車,自家用,事業用,乗用車,乗用車,40㎞／ｈ以下,40㎞／ｈ以下,前-無,後-無,小破,小破,その他,その他,その他,その他,損傷なし,負傷,火,その他,,,,,,,,,,,,,35.648893,136.049947,2019-02-05,18:39,blue
本票,福井,敦賀,0019,負傷,0,1,一般市町村道 37000,対象外,0000,202,夜－暮,雨,市街地－その他,舗装－湿潤,交差点－その他,環状交差点以外 環状交差点以外をいう。,施設なし,規制なし,表示なし,対象外当事者,その他,交差点－小（5.5m未満）－小,直線－平坦,交差点内,規制なし,中央分離なし,区分なし,人対車両,25～34歳,65～74歳,乗用車－軽自動車,歩行者,自家用,対象外当事者,乗用車,対象外当事者,指定の速度規制なし等,対象外当事者,右-無,無-無,小破,対象外当事者,その他,対象外当事者,その他,対象外当事者,損傷なし,負傷,木,その他,,,,,,,,,,,,,35.690786,136.118385,2019-01-31,17:25,blue
本票,福井,敦賀,0020,負傷,0,1,一般市町村道 37000,対象外,0000,442,昼－暮,晴,非市街地,舗装－乾燥,単路－その他,環状交差点以外 環状交差点以外をいう。,施設なし,対象外当事者,その他,対象外当事者,その他,単路－5.5m以上,直線－平坦,単路（交差点付近を含む）,規制なし,中央分離なし,区分あり－路側帯,人対車両,65～74歳,55～64歳,乗用車－普通車,歩行者,自家用,対象外当事者,乗用車,対象外当事者,指定の速度規制なし等,対象外当事者,前-無,無-無,小破,対象外当事者,その他,対象外当事者,その他,対象外当事者,損傷なし,負傷,火,その他,,,,,,,,,,,,,35.612792,135.897251,2019-02-05,16:28,blue
本票,福井,敦賀,0021,負傷,0,1,一般市町村道 37000,対象外,0000,202,昼－暮,晴,市街地－人口集中,舗装－乾燥,単路－その他,環状交差点以外 環状交差点以外をいう。,施設なし,対象外当事者,その他,対象外当事者,その他,単路－3.5m以上,直線－平坦,単路（交差点付近を含む）,規制なし,中央分離なし,区分なし,車両相互,65～74歳,0～24歳,乗用車－軽自動車,軽車両－自転車,自家用,対象外当事者,乗用車,対象外当事者,指定の速度規制なし等,対象外当事者,右前-無,前-無,小破,小破,その他,対象外当事者,その他,対象外当事者,損傷なし,負傷,火,その他,,,,,,,,,,,,,35.625649,136.042155,2019-02-12,16:33,blue
本票,福井,敦賀,0022,負傷,0,1,一般市町村道 37000,対象外,0000,202,夜－暮,晴,市街地－その他,舗装－乾燥,単路－その他,環状交差点以外 環状交差点以外をいう。,施設なし,対象外当事者,その他,対象外当事者,その他,単路－5.5m以上,直線－平坦,単路（交差点付近を含む）,規制なし,中央線－ペイント,区分あり－縁石・ブロック等,車両相互,75歳以上,25～34歳,乗用車－普通車,乗用車－普通車,自家用,自家用,乗用車,乗用車,指定の速度規制なし等,指定の速度規制なし等,前-無,後-無,小破,小破,その他,その他,その他,その他,損傷なし,負傷,月,その他,,,,,,,,,,,,,35.633659,136.069814,2019-02-18,17:41,blue
本票,福井,小浜,0007,負傷,0,1,都道府県道 10310,対象外,0000,204,夜－夜,晴,非市街地,舗装－乾燥,交差点－その他,環状交差点以外 環状交差点以外をいう。,点灯－３灯式,規制なし,表示なし,対象外当事者,その他,交差点－中（5.5m以上）－中,直線－平坦,交差点内,規制なし,中央線－ペイント,区分あり－縁石・ブロック等,人対車両,25～34歳,45～54歳,乗用車－軽自動車,歩行者,自家用,対象外当事者,乗用車,対象外当事者,50㎞／ｈ以下,対象外当事者,右前-無,無-無,小破,対象外当事者,その他,対象外当事者,その他,対象外当事者,損傷なし,負傷,火,その他,,,,,,,,,,,,,35.495593,135.755047,2019-02-05,19:10,blue
本票,福井,小浜,0008,負傷,0,1,国道162号線,対象外,0000,204,昼－明,曇,非市街地,舗装－湿潤,単路－カーブ・屈折,環状交差点以外 環状交差点以外をいう。,施設なし,対象外当事者,その他,対象外当事者,その他,単路－5.5m以上,カーブ・屈折－左－平坦,単路（交差点付近を含む）,規制なし,中央線－ペイント,区分あり－縁石・ブロック等,車両相互,35～44歳,35～44歳,乗用車－普通車,貨物車－軽自動車,自家用,自家用,乗用車,貨物車,50㎞／ｈ以下,50㎞／ｈ以下,後-無,前-無,小破,小破,その他,その他,その他,その他,負傷,損傷なし,火,その他,,,,,,,,,,,,,35.456721,135.721596,2019-01-29,07:30,blue
本票,福井,小浜,0009,負傷,0,1,一般市町村道 37000,対象外,0000,204,夜－夜,晴,市街地－その他,舗装－乾燥,交差点－その他,環状交差点以外 環状交差点以外をいう。,施設なし,規制なし,表示なし,対象外当事者,その他,交差点－中（5.5m以上）－中,直線－平坦,交差点内,規制なし,中央分離なし,区分なし,人対車両,0～24歳,75歳以上,乗用車－軽自動車,歩行者,自家用,対象外当事者,乗用車,対象外当事者,指定の速度規制なし等,対象外当事者,左前-無,無-無,小破,対象外当事者,その他,対象外当事者,その他,対象外当事者,損傷なし,負傷,月,その他,,,,,,,,,,,,,35.494636,135.748240,2019-01-07,18:19,blue
本票,福井,小浜,0010,負傷,0,1,一般都道府県道 21620,対象外,0000,481,昼－昼,雨,市街地－その他,舗装－湿潤,単路－その他,環状交差点以外 環状交差点以外をいう。,施設なし,対象外当事者,その他,対象外当事者,その他,単路－3.5m以上,直線－平坦,単路（交差点付近を含む）,規制なし,中央分離なし,区分あり－路側帯,車両相互,65～74歳,35～44歳,乗用車－軽自動車,乗用車－軽自動車,自家用,自家用,乗用車,乗用車,指定の速度規制なし等,指定の速度規制なし等,後-無,前-無,損壊なし,小破,その他,その他,その他,その他,損傷なし,負傷,金,その他,,,,,,,,,,,,,35.489695,135.542522,2019-02-08,14:20,blue
本票,福井,小浜,0011,負傷,0,1,一般の交通の用に供するその他の道路 99000,対象外,0000,501,昼－昼,晴,市街地－その他,舗装－乾燥,一般交通の場所,環状交差点以外 環状交差点以外をいう。,施設なし,対象外当事者,その他,対象外当事者,その他,一般交通の場所,一般交通の場所,その他,規制なし,一般交通の場所,区分なし,車両単独,35～44歳,不明,乗用車－普通車,物件等,自家用,対象外当事者,乗用車,対象外当事者,指定の速度規制なし等,対象外当事者,後-無,無-無,小破,対象外当事者,その他,対象外当事者,その他,対象外当事者,損傷なし,対象外当事者,水,その他,,,,,,,,,,,,,35.461837,135.842833,2019-01-30,10:13,blue
本票,福井,小浜,0012,負傷,0,1,国道162号線,対象外,0000,204,夜－暮,晴,市街地－その他,舗装－乾燥,単路－その他,環状交差点以外 環状交差点以外をいう。,施設なし,対象外当事者,その他,対象外当事者,その他,単路－5.5m以上,直線－平坦,単路（交差点付近を含む）,規制なし,中央線－ペイント,区分あり－縁石・ブロック等,車両相互,0～24歳,35～44歳,乗用車－軽自動車,乗用車－軽自動車,自家用,自家用,乗用車,乗用車,40㎞／ｈ以下,40㎞／ｈ以下,前-無,後-無,小破,小破,その他,その他,その他,その他,損傷なし,負傷,金,その他,,,,,,,,,,,,,35.496601,135.745418,2019-02-15,18:10,blue
本票,福井,小浜,0013,負傷,0,1,一般市町村道 37000,対象外,0000,204,昼－昼,晴,市街地－その他,舗装－乾燥,交差点－その他,環状交差点以外 環状交差点以外をいう。,施設なし,標準－反射式,表示なし,規制なし,表示なし,交差点－中（5.5m以上）－中,直線－平坦,交差点内,規制なし,中央線－ペイント,区分あり－縁石・ブロック等,車両相互,25～34歳,45～54歳,乗用車－普通車,軽車両－自転車,自家用,対象外当事者,乗用車,対象外当事者,指定の速度規制なし等,対象外当事者,前-無,右-無,小破,小破,その他,対象外当事者,その他,対象外当事者,損傷なし,負傷,木,その他,,,,,,,,,,,,,35.484427,135.755951,2019-02-07,09:40,blue
本票,福井,小浜,0014,負傷,0,1,国道27号線,下,7000,481,夜－夜,曇,市街地－その他,舗装－乾燥,交差点付近－その他,環状交差点以外 環状交差点以外をいう。,点灯－３灯式,対象外当事者,その他,対象外当事者,その他,単路－5.5m以上,直線－平坦,単路（交差点付近を含む）,規制なし,中央線－ペイント,区分あり－縁石・ブロック等,車両相互,0～24歳,45～54歳,乗用車－普通車,貨物車－軽自動車,自家用,自家用,乗用車,貨物車,50㎞／ｈ以下,50㎞／ｈ以下,前-無,前-後,小破,小破,その他,その他,その他,その他,損傷なし,負傷,日,その他,,,,,,,,,,,,,35.487398,135.545026,2019-02-17,19:32,blue
本票,福井,小浜,0015,負傷,0,1,国道162号線,対象外,0000,204,昼－昼,晴,非市街地,舗装－乾燥,単路－カーブ・屈折,環状交差点以外 環状交差点以外をいう。,施設なし,対象外当事者,その他,対象外当事者,その他,単路－5.5m以上,カーブ・屈折－左－平坦,単路（交差点付近を含む）,規制なし,中央線－ペイント,区分なし,車両相互,45～54歳,45～54歳,乗用車－普通車,乗用車－軽自動車,自家用,自家用,乗用車,乗用車,50㎞／ｈ以下,50㎞／ｈ以下,右前-無,右前-無,中破,中破,その他,装備あり 作動,その他,その他,損傷なし,負傷,土,その他,,,,,,,,,,,,,35.476599,135.744757,2019-02-02,16:20,blue
本票,福井,小浜,0017,負傷,0,1,一般市町村道 37000,対象外,0000,204,昼－昼,雨,市街地－その他,舗装－湿潤,単路－その他,環状交差点以外 環状交差点以外をいう。,施設なし,対象外当事者,その他,対象外当事者,その他,単路－5.5m以上,直線－平坦,単路（交差点付近を含む）,規制なし,中央分離なし,区分あり－縁石・ブロック等,車両相互,45～54歳,35～44歳,乗用車－普通車,乗用車－普通車,自家用,自家用,乗用車,乗用車,50㎞／ｈ以下,指定の速度規制なし等,左前-無,左-無,小破,小破,その他,その他,その他,その他,損傷なし,負傷,火,その他,,,,,,,,,,,,,35.495601,135.749682,2019-02-19,09:01,blue
本票,福井,福井南,0015,負傷,0,1,一般市町村道 37000,対象外,0000,201,昼－昼,雪,市街地－その他,舗装－湿潤,単路－その他,環状交差点以外 環状交差点以外をいう。,施設なし,対象外当事者,その他,対象外当事者,その他,単路－5.5m以上,直線－平坦,単路（交差点付近を含む）,規制なし,中央線－ペイント,区分あり－縁石・ブロック等,車両相互,45～54歳,65～74歳,貨物車－中型車,乗用車－普通車,事業用,自家用,貨物車,乗用車,40㎞／ｈ以下,40㎞／ｈ以下,前-無,後-無,小破,小破,その他,その他,その他,その他,損傷なし,負傷,火,その他,,,,,,,,,,,,,36.045607,136.187212,2019-01-29,11:40,blue
本票,福井,福井南,0016,負傷,0,1,一般市町村道 37000,対象外,0000,201,夜－夜,雨,市街地－その他,舗装－湿潤,交差点－その他,環状交差点以外 環状交差点以外をいう。,施設なし,規制なし,表示なし,対象外当事者,その他,交差点－中（5.5m以上）－中,直線－平坦,交差点内,規制なし,中央分離なし,区分なし,人対車両,35～44歳,25～34歳,乗用車－普通車,歩行者,自家用,対象外当事者,乗用車,対象外当事者,指定の速度規制なし等,対象外当事者,右前-無,無-無,小破,対象外当事者,その他,対象外当事者,その他,対象外当事者,損傷なし,負傷,木,その他,,,,,,,,,,,,,36.053802,136.189948,2019-01-31,18:30,blue
本票,福井,福井南,0017,負傷,0,1,国道8号線,上,0000,201,昼－明,曇,市街地－その他,舗装－乾燥,単路－その他,環状交差点以外 環状交差点以外をいう。,施設なし,対象外当事者,その他,対象外当事者,その他,単路－13.0m以上,直線－平坦,単路（交差点付近を含む）,規制なし,中央分離帯,区分あり－縁石・ブロック等,車両相互,35～44歳,35～44歳,貨物車－中型車,乗用車－普通車,事業用,自家用,貨物車,乗用車,指定の速度規制なし等,指定の速度規制なし等,前-無,前-後,小破,小破,その他,その他,その他,その他,損傷なし,負傷,木,その他,,,,,,,,,,,,,36.037794,136.229790,2019-01-24,07:33,blue
本票,福井,福井南,0018,負傷,0,2,一般の交通の用に供するその他の道路 99000,対象外,0000,201,昼－昼,雨,非市街地,舗装－湿潤,一般交通の場所,環状交差点以外 環状交差点以外をいう。,施設なし,対象外当事者,その他,対象外当事者,その他,一般交通の場所,一般交通の場所,その他,規制なし,一般交通の場所,区分なし,車両相互,65～74歳,35～44歳,乗用車－普通車,貨物車－普通車,自家用,自家用,乗用車,貨物車,指定の速度規制なし等,指定の速度規制なし等,右後-無,左-無,小破,小破,その他,その他,その他,その他,損傷なし,負傷,日,その他,,,,,,,,,,,,,36.146361,136.098482,2019-02-03,14:07,blue
本票,福井,福井南,0019,負傷,0,1,都道府県道 10340,対象外,0000,201,夜－暮,晴,市街地－人口集中,舗装－乾燥,単路－その他,環状交差点以外 環状交差点以外をいう。,点灯－３灯式,対象外当事者,その他,対象外当事者,その他,単路－9.0m以上,直線－平坦,単路（交差点付近を含む）,規制なし,中央線－ペイント,区分あり－縁石・ブロック等,車両相互,45～54歳,45～54歳,貨物車－普通車,乗用車－軽自動車,自家用,自家用,貨物車,乗用車,50㎞／ｈ以下,50㎞／ｈ以下,前-無,前-後,小破,小破,その他,その他,その他,その他,損傷なし,損傷なし,火,その他,,,,,,,,,,,,,36.057595,136.215120,2019-02-05,18:13,blue
本票,福井,福井南,0020,負傷,0,1,一般市町村道 37000,対象外,0000,201,夜－暮,曇,市街地－その他,舗装－湿潤,交差点－その他,環状交差点以外 環状交差点以外をいう。,点灯－３灯式,規制なし,表示なし,対象外当事者,その他,交差点－中（5.5m以上）－中,直線－平坦,交差点内,規制なし,中央分離なし,区分あり－縁石・ブロック等,人対車両,65～74歳,75歳以上,乗用車－普通車,歩行者,自家用,対象外当事者,乗用車,対象外当事者,20㎞／ｈ以下,対象外当事者,左前-無,無-無,小破,対象外当事者,その他,対象外当事者,その他,対象外当事者,損傷なし,負傷,火,その他,,,,,,,,,,,,,36.044347,136.187460,2019-01-15,17:30,blue
本票,福井,福井南,0021,負傷,0,1,都道府県道 10100,対象外,0000,201,昼－昼,雪,市街地－その他,舗装－湿潤,単路－その他,環状交差点以外 環状交差点以外をいう。,施設なし,対象外当事者,その他,対象外当事者,その他,単路－13.0m以上,直線－平坦,単路（交差点付近を含む）,規制なし,中央線－ペイント,区分あり－縁石・ブロック等,車両相互,45～54歳,0～24歳,乗用車－軽自動車,軽車両－自転車,自家用,対象外当事者,乗用車,対象外当事者,50㎞／ｈ以下,対象外当事者,左-無,前-無,小破,小破,その他,対象外当事者,その他,対象外当事者,損傷なし,負傷,日,前日,,,,,,,,,,,,,36.057096,136.188922,2019-02-10,11:00,blue
本票,福井,福井南,0022,負傷,0,1,一般市町村道 37000,対象外,0000,201,昼－昼,曇,非市街地,舗装－湿潤,単路－その他,環状交差点以外 環状交差点以外をいう。,施設なし,対象外当事者,その他,対象外当事者,その他,単路－5.5m以上,直線－平坦,単路（交差点付近を含む）,規制なし,中央線－ペイント,区分あり－縁石・ブロック等,車両相互,45～54歳,0～24歳,乗用車－普通車,乗用車－軽自動車,自家用,自家用,乗用車,乗用車,50㎞／ｈ以下,50㎞／ｈ以下,右前-無,右前-無,中破,中破,装備あり 作動,装備あり 作動,その他,その他,負傷,損傷なし,水,その他,,,,,,,,,,,,,36.016370,136.196454,2019-02-13,08:42,blue
本票,福井,福井南,0023,負傷,0,1,一般市町村道 37000,対象外,0000,201,昼－昼,曇,非市街地,舗装－乾燥,交差点付近－その他,環状交差点以外 環状交差点以外をいう。,点灯－３灯式,対象外当事者,その他,対象外当事者,その他,単路－5.5m以上,直線－平坦,単路（交差点付近を含む）,規制なし,中央線－ペイント,区分あり－縁石・ブロック等,車両相互,35～44歳,35～44歳,乗用車－普通車,乗用車－普通車,自家用,自家用,乗用車,乗用車,50㎞／ｈ以下,50㎞／ｈ以下,前-無,後-無,小破,小破,その他,その他,その他,その他,損傷なし,負傷,月,当日,,,,,,,,,,,,,36.037810,136.151699,2019-02-11,07:55,blue
本票,福井,福井南,0024,負傷,0,1,一般市町村道 37000,対象外,0000,201,夜－夜,晴,市街地－その他,舗装－乾燥,単路－その他,環状交差点以外 環状交差点以外をいう。,施設なし,対象外当事者,その他,対象外当事者,その他,単路－5.5m以上,直線－平坦,単路（交差点付近を含む）,規制なし,中央分離なし,区分なし,人対車両,0～24歳,不明,歩行者,対象外当事者,対象外当事者,対象外当事者,対象外当事者,対象外当事者,対象外当事者,対象外当事者,無-無,無-無,対象外当事者,対象外当事者,対象外当事者,対象外当事者,対象外当事者,対象外当事者,負傷,対象外当事者,金,その他,,,,,,,,,,,,,36.048502,136.196458,2019-01-04,01:17,blue
本票,福井,福井南,0025,負傷,0,1,都道府県道 10080,対象外,0000,201,昼－昼,雪,非市街地,舗装－積雪,単路－その他,環状交差点以外 環状交差点以外をいう。,施設なし,対象外当事者,その他,対象外当事者,その他,単路－9.0m以上,直線－下り,単路（交差点付近を含む）,規制なし,中央線－ペイント,区分なし,車両相互,65～74歳,75歳以上,貨物車－普通車,乗用車－軽自動車,自家用,自家用,貨物車,乗用車,50㎞／ｈ以下,50㎞／ｈ以下,右後-無,右前-無,中破,中破,その他,その他,その他,その他,損傷なし,負傷,金,その他,,,,,,,,,,,,,36.048216,136.109615,2018-12-28,12:05,blue
本票,福井,福井南,0026,負傷,0,2,都道府県道 10340,対象外,0000,201,夜－夜,雨,非市街地,舗装－湿潤,交差点付近－その他,環状交差点以外 環状交差点以外をいう。,点灯－３灯式,対象外当事者,その他,対象外当事者,その他,単路－9.0m以上,直線－平坦,単路（交差点付近を含む）,規制なし,中央線－ペイント,区分あり－縁石・ブロック等,車両相互,0～24歳,0～24歳,乗用車－軽自動車,乗用車－軽自動車,自家用,自家用,乗用車,乗用車,40㎞／ｈ以下,40㎞／ｈ以下,前-無,後-無,小破,小破,その他,その他,その他,その他,損傷なし,負傷,日,その他,,,,,,,,,,,,,36.047691,136.200210,2019-01-20,22:57,blue
本票,福井,福井南,0027,負傷,0,1,一般市町村道 37000,対象外,0000,201,昼－昼,曇,市街地－その他,舗装－乾燥,交差点－その他,環状交差点以外 環状交差点以外をいう。,施設なし,標準－反射式,表示あり,規制なし,表示なし,交差点－中（5.5m以上）－小,直線－平坦,交差点内,規制なし,中央線－ペイント,区分あり－路側帯,車両相互,25～34歳,55～64歳,乗用車－普通車,乗用車－普通車,自家用,自家用,乗用車,乗用車,50㎞／ｈ以下,指定の速度規制なし等,左前-無,右前-無,小破,小破,その他,その他,その他,その他,損傷なし,負傷,月,その他,,,,,,,,,,,,,36.036686,136.188127,2019-02-18,07:53,blue
本票,福井,高速道路交通警察隊,0009,負傷,0,1,北陸自動車道 上り,上,0507,202,昼－昼,晴,非市街地,舗装－乾燥,単路－トンネル,環状交差点以外 環状交差点以外をいう。,施設なし,対象外当事者,その他,対象外当事者,その他,単路－13.0m以上,直線－下り,単路（交差点付近を含む）,規制なし,中央分離帯,区分なし,車両相互,45～54歳,65～74歳,乗用車－普通車,貨物車－普通車,自家用,自家用,乗用車,貨物車,80㎞／ｈ以下,80㎞／ｈ以下,後-無,前-無,小破,小破,その他,その他,その他,その他,負傷,損傷なし,火,その他,507,中日本高速道路,走行車線－第一通行帯,完全分離－トンネル,直線,上り・下り－３％以上,越坂,2,該当なし,該当なし,該当なし,1862,35.674347,136.102727,2019-02-26,15:18,blue