資料区分,都道府県コード,警察署等コード,本票番号,事故内容,死者数,負傷者数,路線コード,上下線,地点コード,市区町村コード,昼夜,天候,地形,路面状態,道路形状,環状交差点の直径,信号機,一時停止規制　標識（当事者A）,一時停止規制　表示（当事者A）,一時停止規制　標識（当事者B）,一時停止規制　表示（当事者B）,車道幅員,道路線形,衝突地点,ゾーン規制,中央分離帯施設等,歩車道区分,事故類型,年齢（当事者A）,年齢（当事者B）,当事者種別（当事者A）,当事者種別（当事者B）,用途別（当事者A）,用途別（当事者B）,車両形状（当事者A）,車両形状（当事者B）,速度規制（指定のみ）（当事者A）,速度規制（指定のみ）（当事者B）,車両の衝突部位（当事者A）,車両の衝突部位（当事者B）,車両の損壊程度（当事者A）,車両の損壊程度（当事者B）,エアバッグの装備（当事者A）,エアバッグの装備（当事者B）,サイドエアバッグの装備（当事者A）,サイドエアバッグの装備（当事者B）,人身損傷程度（当事者A）,人身損傷程度（当事者B）,曜日(発生年月日),祝日(発生年月日),発生地点,道路管理者区分,道路区分,道路構造,曲線半径,縦断勾配,トンネル番号,当事者車両台数,車両単独事故の対象物,臨時速度規制の有無,速度規制（臨時のみ）,トンネル延長距離,緯度,経度,発生日,発生時,color
本票,福井,越前,0025,負傷,0,1,一般市町村道 37000,対象外,0000,209,昼－暮,晴,非市街地,舗装－乾燥,交差点－その他,環状交差点以外 環状交差点以外をいう。,点灯－３灯式,規制なし,表示なし,規制なし,表示なし,交差点－中（5.5m以上）－小,直線－平坦,交差点内,規制なし,中央線－ペイント,区分あり－縁石・ブロック等,車両相互,0～24歳,45～54歳,乗用車－普通車,乗用車－普通車,自家用,自家用,乗用車,乗用車,指定の速度規制なし等,指定の速度規制なし等,右-無,右前-無,中破,小破,装備あり 作動,その他,その他,その他,損傷なし,負傷,金,その他,,,,,,,,,,,,,35.912417,136.188926,2019-04-12,18:11,blue
本票,福井,越前,0030,負傷,0,2,一般都道府県道 21100,対象外,0000,209,夜－夜,晴,市街地－人口集中,舗装－乾燥,交差点－その他,環状交差点以外 環状交差点以外をいう。,点灯－３灯式,規制なし,表示なし,対象外当事者,その他,交差点－中（5.5m以上）－中,直線－平坦,交差点内,規制なし,中央分離なし,区分あり－縁石・ブロック等,人対車両,55～64歳,0～24歳,乗用車－軽自動車,歩行者,自家用,対象外当事者,乗用車,対象外当事者,40㎞／ｈ以下,対象外当事者,左前-無,無-無,小破,対象外当事者,その他,対象外当事者,その他,対象外当事者,損傷なし,負傷,金,その他,,,,,,,,,,,,,35.901551,136.154504,2019-03-08,20:51,blue
本票,福井,敦賀,0026,負傷,0,1,一般都道府県道 21500,対象外,0000,202,夜－暮,雨,市街地－その他,舗装－湿潤,交差点付近－その他,環状交差点以外 環状交差点以外をいう。,点灯－３灯式,対象外当事者,その他,対象外当事者,その他,単路－5.5m以上,直線－平坦,単路（交差点付近を含む）,規制なし,中央線－ペイント,区分あり－路側帯,車両相互,45～54歳,25～34歳,乗用車－普通車,乗用車－軽自動車,事業用,自家用,乗用車,乗用車,40㎞／ｈ以下,40㎞／ｈ以下,前-後,前-無,小破,小破,その他,その他,その他,その他,負傷,損傷なし,水,その他,,,,,,,,,,,,,35.648381,136.069212,2019-03-06,18:08,blue
本票,福井,敦賀,0027,負傷,0,1,一般市町村道 37000,対象外,0000,202,昼－昼,晴,市街地－その他,舗装－乾燥,交差点－その他,環状交差点以外 環状交差点以外をいう。,施設なし,標準－反射式,表示あり,規制なし,表示なし,交差点－中（5.5m以上）－中,直線－平坦,交差点内,規制なし,中央分離なし,区分あり－縁石・ブロック等,車両相互,55～64歳,45～54歳,乗用車－普通車,乗用車－軽自動車,自家用,自家用,乗用車,乗用車,40㎞／ｈ以下,指定の速度規制なし等,左前-無,右前-無,中破,中破,その他,その他,その他,その他,損傷なし,負傷,月,その他,,,,,,,,,,,,,35.647041,136.074232,2019-03-25,12:19,blue
本票,福井,敦賀,0028,負傷,0,1,一般市町村道 37000,対象外,0000,202,昼－昼,曇,非市街地,舗装－乾燥,単路－その他,環状交差点以外 環状交差点以外をいう。,施設なし,対象外当事者,その他,対象外当事者,その他,単路－5.5m以上,直線－平坦,単路（交差点付近を含む）,規制なし,中央線－ペイント,区分あり－縁石・ブロック等,車両相互,45～54歳,35～44歳,乗用車－普通車,乗用車－軽自動車,自家用,自家用,乗用車,乗用車,50㎞／ｈ以下,50㎞／ｈ以下,後-無,前-無,小破,小破,その他,その他,その他,その他,負傷,損傷なし,木,その他,,,,,,,,,,,,,35.625340,136.056116,2019-03-28,07:19,blue
本票,福井,敦賀,0029,負傷,0,1,一般市町村道 37000,対象外,0000,501,夜－夜,晴,非市街地,舗装－乾燥,単路－その他,環状交差点以外 環状交差点以外をいう。,施設なし,対象外当事者,その他,対象外当事者,その他,単路－3.5m以上,直線－平坦,単路（交差点付近を含む）,規制なし,中央分離なし,区分なし,車両単独,25～34歳,不明,軽車両－自転車,相手なし,対象外当事者,対象外当事者,対象外当事者,対象外当事者,対象外当事者,対象外当事者,左-無,無-無,損壊なし,対象外当事者,対象外当事者,対象外当事者,対象外当事者,対象外当事者,負傷,対象外当事者,金,その他,,,,,,,,,,,,,35.557117,135.905555,2019-02-22,23:00,blue
本票,福井,敦賀,0030,負傷,0,2,国道8号線,下,4555,202,昼－暮,曇,非市街地,舗装－乾燥,単路－カーブ・屈折,環状交差点以外 環状交差点以外をいう。,施設なし,対象外当事者,その他,対象外当事者,その他,単路－5.5m以上,カーブ・屈折－左－平坦,単路（交差点付近を含む）,規制なし,中央線－ペイント,区分あり－路側帯,車両相互,65～74歳,25～34歳,貨物車－大型車,乗用車－普通車,事業用,自家用,貨物車,乗用車,50㎞／ｈ以下,50㎞／ｈ以下,右前-無,右前-無,中破,大破,その他,装備あり 作動,その他,その他,負傷,負傷,日,その他,,,,,,,,,,,,,35.716526,136.092215,2019-03-17,17:23,blue
本票,福井,敦賀,0031,負傷,0,1,一般都道府県道 21500,対象外,0000,202,昼－昼,曇,市街地－人口集中,舗装－湿潤,単路－その他,環状交差点以外 環状交差点以外をいう。,施設なし,対象外当事者,その他,対象外当事者,その他,単路－9.0m以上,直線－平坦,単路（交差点付近を含む）,規制なし,中央線－ペイント,区分あり－縁石・ブロック等,車両相互,45～54歳,35～44歳,乗用車－軽自動車,乗用車－軽自動車,自家用,自家用,乗用車,乗用車,50㎞／ｈ以下,50㎞／ｈ以下,左前-無,右後-無,小破,小破,その他,その他,その他,その他,損傷なし,負傷,火,その他,,,,,,,,,,,,,35.636208,136.057290,2019-04-02,08:10,blue
本票,福井,敦賀,0032,負傷,0,1,一般の交通の用に供するその他の道路 99000,対象外,0000,202,昼－昼,晴,非市街地,舗装－乾燥,一般交通の場所,環状交差点以外 環状交差点以外をいう。,施設なし,対象外当事者,その他,対象外当事者,その他,一般交通の場所,一般交通の場所,その他,規制なし,一般交通の場所,区分なし,人対車両,0～24歳,75歳以上,貨物車－普通車,歩行者,自家用,対象外当事者,貨物車,対象外当事者,指定の速度規制なし等,対象外当事者,後-無,無-無,損壊なし,対象外当事者,その他,対象外当事者,その他,対象外当事者,損傷なし,負傷,水,その他,,,,,,,,,,,,,35.622967,136.066013,2019-04-03,15:41,blue
本票,福井,敦賀,0033,負傷,0,1,一般都道府県道 21500,対象外,0000,202,昼－昼,晴,市街地－人口集中,舗装－乾燥,単路－その他,環状交差点以外 環状交差点以外をいう。,施設なし,対象外当事者,その他,対象外当事者,その他,単路－5.5m以上,直線－平坦,単路（交差点付近を含む）,規制なし,中央分離帯,区分あり－縁石・ブロック等,車両相互,35～44歳,65～74歳,乗用車－軽自動車,軽車両－自転車,自家用,対象外当事者,乗用車,対象外当事者,40㎞／ｈ以下,対象外当事者,右後-無,前-無,小破,小破,その他,対象外当事者,その他,対象外当事者,損傷なし,負傷,火,その他,,,,,,,,,,,,,35.647765,136.065758,2019-03-26,10:55,blue
本票,福井,敦賀,0034,死亡,1,1,国道27号線,下,0053,202,夜－夜,晴,非市街地,舗装－乾燥,単路－その他,環状交差点以外 環状交差点以外をいう。,施設なし,対象外当事者,その他,対象外当事者,その他,単路－13.0m以上,直線－平坦,単路（交差点付近を含む）,規制なし,中央分離帯,区分なし,車両相互,35～44歳,35～44歳,乗用車－普通車,乗用車－普通車,自家用,自家用,乗用車,乗用車,指定の速度規制なし等,指定の速度規制なし等,前-左後,前-左,中破,中破,装備あり 作動,装備あり 作動,その他,その他,死亡,負傷,金,その他,,,,,,,,,,,,,35.633591,136.026401,2019-04-12,21:30,red
本票,福井,敦賀,0035,負傷,0,1,国道8号線,下,4603,202,昼－昼,曇,非市街地,舗装－乾燥,単路－その他,環状交差点以外 環状交差点以外をいう。,施設なし,対象外当事者,その他,対象外当事者,その他,単路－5.5m以上,直線－平坦,単路（交差点付近を含む）,規制なし,中央線－ペイント,区分あり－縁石・ブロック等,車両相互,45～54歳,55～64歳,貨物車－大型車,乗用車－普通車,事業用,自家用,貨物車,乗用車,50㎞／ｈ以下,50㎞／ｈ以下,右前-無,右前-無,大破,大破,その他,その他,その他,その他,損傷なし,損傷なし,月,その他,,,,,,,,,,,,,35.685360,136.086945,2019-03-18,14:55,blue
本票,福井,敦賀,0036,負傷,0,2,国道27号線,上,0033,202,昼－昼,晴,市街地－その他,舗装－乾燥,交差点付近－その他,環状交差点以外 環状交差点以外をいう。,点灯－３灯式,対象外当事者,その他,対象外当事者,その他,単路－13.0m以上,直線－平坦,単路（交差点付近を含む）,規制なし,中央分離帯,区分あり－路側帯,車両相互,0～24歳,45～54歳,乗用車－普通車,乗用車－普通車,自家用,自家用,乗用車,乗用車,指定の速度規制なし等,指定の速度規制なし等,前-無,後-無,中破,小破,その他,その他,その他,その他,損傷なし,負傷,日,その他,,,,,,,,,,,,,35.633459,136.046069,2019-03-24,15:19,blue
本票,福井,敦賀,0037,負傷,0,1,一般市町村道 37000,対象外,0000,202,夜－夜,晴,市街地－その他,舗装－乾燥,交差点－その他,環状交差点以外 環状交差点以外をいう。,施設なし,規制なし,表示なし,規制なし,表示なし,交差点－中（5.5m以上）－中,直線－平坦,交差点内,規制なし,中央線－ペイント,区分あり－縁石・ブロック等,車両相互,35～44歳,45～54歳,乗用車－普通車,乗用車－普通車,自家用,自家用,乗用車,乗用車,指定の速度規制なし等,40㎞／ｈ以下,左-無,前-無,小破,小破,その他,その他,その他,その他,損傷なし,負傷,金,その他,,,,,,,,,,,,,35.629566,136.068501,2019-04-05,19:37,blue
本票,福井,敦賀,0038,負傷,0,1,国道8号線,上,4615,202,昼－昼,晴,非市街地,舗装－乾燥,交差点付近－その他,環状交差点以外 環状交差点以外をいう。,点灯－３灯式,対象外当事者,その他,対象外当事者,その他,単路－5.5m以上,直線－平坦,単路（交差点付近を含む）,規制なし,中央線－ペイント,区分あり－縁石・ブロック等,車両相互,35～44歳,0～24歳,乗用車－軽自動車,貨物車－軽自動車,自家用,自家用,乗用車,貨物車,50㎞／ｈ以下,50㎞／ｈ以下,後-無,前-無,小破,小破,その他,その他,その他,その他,損傷なし,損傷なし,金,その他,,,,,,,,,,,,,35.675762,136.086549,2019-04-12,12:50,blue
本票,福井,敦賀,0039,負傷,0,1,国道8号線,上,4663,202,昼－昼,晴,市街地－人口集中,舗装－乾燥,単路－その他,環状交差点以外 環状交差点以外をいう。,施設なし,対象外当事者,その他,対象外当事者,その他,単路－5.5m以上,直線－平坦,単路（交差点付近を含む）,規制なし,中央線－ペイント,区分あり－縁石・ブロック等,車両相互,25～34歳,25～34歳,乗用車－軽自動車,乗用車－軽自動車,自家用,自家用,乗用車,乗用車,40㎞／ｈ以下,40㎞／ｈ以下,前-無,後-無,小破,小破,その他,その他,その他,その他,損傷なし,負傷,金,その他,,,,,,,,,,,,,35.636469,136.070238,2019-04-12,08:43,blue
本票,福井,敦賀,0040,負傷,0,1,一般都道府県道 21320,対象外,0000,202,昼－昼,晴,非市街地,舗装－乾燥,単路－その他,環状交差点以外 環状交差点以外をいう。,施設なし,対象外当事者,その他,対象外当事者,その他,単路－5.5m以上,直線－平坦,単路（交差点付近を含む）,規制なし,中央分離なし,区分あり－縁石・ブロック等,人対車両,75歳以上,55～64歳,乗用車－普通車,歩行者,自家用,対象外当事者,乗用車,対象外当事者,40㎞／ｈ以下,対象外当事者,右前-無,無-無,損壊なし,対象外当事者,その他,対象外当事者,その他,対象外当事者,損傷なし,負傷,日,その他,,,,,,,,,,,,,35.625536,136.047701,2019-04-21,11:20,blue
本票,福井,敦賀,0041,負傷,0,1,一般都道府県道 20590,対象外,0000,202,夜－夜,晴,非市街地,舗装－乾燥,交差点－その他,環状交差点以外 環状交差点以外をいう。,点灯－３灯式,規制なし,表示なし,規制なし,表示なし,交差点－中（5.5m以上）－中,直線－平坦,交差点内,規制なし,中央分離なし,区分あり－縁石・ブロック等,車両相互,55～64歳,35～44歳,乗用車－普通車,乗用車－普通車,自家用,自家用,乗用車,乗用車,指定の速度規制なし等,40㎞／ｈ以下,左-無,前-無,小破,中破,その他,その他,その他,その他,損傷なし,負傷,金,その他,,,,,,,,,,,,,35.633346,136.029386,2019-03-08,20:06,blue
本票,福井,敦賀,0042,負傷,0,1,一般都道府県道 21500,対象外,0000,202,昼－昼,曇,市街地－その他,舗装－乾燥,単路－その他,環状交差点以外 環状交差点以外をいう。,施設なし,対象外当事者,その他,対象外当事者,その他,単路－9.0m以上,直線－平坦,単路（交差点付近を含む）,規制なし,中央線－ペイント,区分あり－縁石・ブロック等,車両相互,45～54歳,45～54歳,乗用車－軽自動車,軽車両－自転車,自家用,対象外当事者,乗用車,対象外当事者,40㎞／ｈ以下,対象外当事者,左後-無,前-無,小破,小破,その他,対象外当事者,その他,対象外当事者,損傷なし,負傷,日,前日,,,,,,,,,,,,,35.631115,136.053347,2019-04-28,13:00,blue
本票,福井,小浜,0020,負傷,0,1,一般市町村道 37000,対象外,0000,204,昼－昼,晴,非市街地,舗装－乾燥,単路－カーブ・屈折,環状交差点以外 環状交差点以外をいう。,施設なし,対象外当事者,その他,対象外当事者,その他,単路－5.5m以上,カーブ・屈折－右－平坦,単路（交差点付近を含む）,規制なし,中央線－ペイント,区分あり－縁石・ブロック等,車両相互,55～64歳,0～24歳,乗用車－普通車,乗用車－普通車,自家用,自家用,乗用車,乗用車,指定の速度規制なし等,指定の速度規制なし等,右前-無,右前-無,小破,小破,その他,その他,その他,その他,損傷なし,負傷,水,前日,,,,,,,,,,,,,35.472179,135.782278,2019-03-20,13:30,blue
本票,福井,小浜,0021,負傷,0,1,都道府県道 10310,対象外,0000,204,昼－昼,晴,非市街地,舗装－乾燥,交差点－その他,環状交差点以外 環状交差点以外をいう。,点灯－３灯式,規制なし,表示なし,規制なし,表示なし,交差点－中（5.5m以上）－中,直線－平坦,交差点内,規制なし,中央分離なし,区分なし,車両相互,35～44歳,75歳以上,乗用車－普通車,乗用車－軽自動車,自家用,自家用,乗用車,乗用車,40㎞／ｈ以下,40㎞／ｈ以下,前-右前,右前-無,小破,小破,その他,その他,その他,その他,負傷,損傷なし,月,その他,,,,,,,,,,,,,35.495439,135.753645,2019-03-25,10:35,blue
本票,福井,福井南,0038,負傷,0,2,一般市町村道 37000,対象外,0000,201,昼－昼,雨,市街地－その他,舗装－湿潤,交差点付近－その他,環状交差点以外 環状交差点以外をいう。,点灯－３灯式,対象外当事者,その他,対象外当事者,その他,単路－5.5m以上,直線－平坦,単路（交差点付近を含む）,規制なし,中央線－ペイント,区分あり－縁石・ブロック等,車両相互,65～74歳,25～34歳,乗用車－普通車,乗用車－普通車,事業用,自家用,乗用車,乗用車,40㎞／ｈ以下,40㎞／ｈ以下,前-無,後-無,小破,小破,その他,その他,その他,その他,損傷なし,負傷,日,その他,,,,,,,,,,,,,36.044995,136.219885,2019-03-31,10:35,blue
本票,福井,福井南,0039,負傷,0,2,一般市町村道 37000,対象外,0000,201,昼－昼,雨,市街地－その他,舗装－乾燥,単路－その他,環状交差点以外 環状交差点以外をいう。,施設なし,対象外当事者,その他,対象外当事者,その他,単路－5.5m以上,直線－平坦,単路（交差点付近を含む）,規制なし,中央線－ペイント,区分あり－縁石・ブロック等,車両相互,35～44歳,25～34歳,乗用車－普通車,乗用車－軽自動車,自家用,自家用,乗用車,乗用車,40㎞／ｈ以下,40㎞／ｈ以下,前-無,後-無,小破,小破,その他,その他,その他,その他,損傷なし,負傷,日,その他,,,,,,,,,,,,,36.044879,136.227771,2019-03-31,15:44,blue
本票,福井,福井南,0040,負傷,0,1,国道8号線,下,4124,201,昼－昼,晴,非市街地,舗装－乾燥,単路－その他,環状交差点以外 環状交差点以外をいう。,施設なし,対象外当事者,その他,対象外当事者,その他,単路－13.0m以上,直線－下り,単路（交差点付近を含む）,規制なし,中央分離帯,区分あり－縁石・ブロック等,車両相互,45～54歳,25～34歳,貨物車－中型車,乗用車－軽自動車,事業用,自家用,貨物車,乗用車,指定の速度規制なし等,指定の速度規制なし等,前-無,後-無,小破,中破,その他,その他,その他,その他,損傷なし,負傷,日,その他,,,,,,,,,,,,,36.033245,136.227016,2019-03-31,13:48,blue
本票,福井,福井南,0041,負傷,0,1,一般市町村道 37000,対象外,0000,201,夜－夜,晴,市街地－その他,舗装－乾燥,単路－その他,環状交差点以外 環状交差点以外をいう。,施設なし,対象外当事者,その他,対象外当事者,その他,単路－9.0m以上,直線－平坦,単路（交差点付近を含む）,規制なし,中央線－ペイント,区分あり－縁石・ブロック等,車両相互,25～34歳,45～54歳,乗用車－普通車,乗用車－普通車,自家用,自家用,乗用車,乗用車,40㎞／ｈ以下,40㎞／ｈ以下,左前-無,右前-無,中破,中破,その他,その他,その他,その他,損傷なし,負傷,木,その他,,,,,,,,,,,,,36.047678,136.180499,2019-03-28,20:15,blue
本票,福井,福井南,0042,負傷,0,1,一般市町村道 37000,対象外,0000,201,昼－昼,晴,市街地－その他,舗装－乾燥,交差点－その他,環状交差点以外 環状交差点以外をいう。,施設なし,規制なし,表示なし,対象外当事者,その他,交差点－小（5.5m未満）－小,直線－平坦,交差点内,規制なし,中央分離なし,区分なし,人対車両,0～24歳,35～44歳,乗用車－普通車,歩行者,自家用,対象外当事者,乗用車,対象外当事者,指定の速度規制なし等,対象外当事者,右前-無,無-無,小破,対象外当事者,その他,対象外当事者,その他,対象外当事者,損傷なし,負傷,金,その他,,,,,,,,,,,,,36.063485,136.206850,2019-04-05,15:30,blue
本票,福井,福井南,0043,負傷,0,1,一般市町村道 37000,対象外,0000,201,昼－昼,曇,市街地－その他,舗装－乾燥,交差点－その他,環状交差点以外 環状交差点以外をいう。,施設なし,規制なし,表示なし,規制なし,表示なし,交差点－中（5.5m以上）－中,直線－平坦,交差点内,規制なし,中央線－ペイント,区分なし,車両相互,65～74歳,35～44歳,貨物車－中型車,乗用車－軽自動車,自家用,自家用,貨物車,乗用車,指定の速度規制なし等,指定の速度規制なし等,左-無,前-無,小破,小破,その他,その他,その他,その他,負傷,損傷なし,金,その他,,,,,,,,,,,,,36.055677,136.202135,2019-02-22,10:43,blue
本票,福井,福井南,0044,負傷,0,1,一般都道府県道 21540,対象外,0000,201,昼－昼,曇,市街地－その他,舗装－乾燥,交差点－その他,環状交差点以外 環状交差点以外をいう。,点灯－３灯式,規制なし,表示なし,対象外当事者,その他,交差点－大（13.0ｍ以上）－中,直線－平坦,交差点内,規制なし,中央線－ペイント,区分あり－縁石・ブロック等,人対車両,55～64歳,75歳以上,乗用車－軽自動車,歩行者,自家用,対象外当事者,乗用車,対象外当事者,50㎞／ｈ以下,対象外当事者,前-無,無-無,小破,対象外当事者,その他,対象外当事者,その他,対象外当事者,損傷なし,負傷,金,その他,,,,,,,,,,,,,36.028994,136.212225,2019-03-22,15:47,blue
本票,福井,福井南,0045,負傷,0,1,一般都道府県道 20230,対象外,0000,201,昼－昼,晴,非市街地,舗装－乾燥,交差点－その他,環状交差点以外 環状交差点以外をいう。,施設なし,規制なし,表示なし,標準－反射式,表示なし,交差点－中（5.5m以上）－小,直線－平坦,交差点内,規制なし,中央線－ペイント,区分あり－路側帯,車両相互,45～54歳,55～64歳,乗用車－普通車,貨物車－軽自動車,自家用,自家用,乗用車,貨物車,指定の速度規制なし等,指定の速度規制なし等,前-無,左-無,小破,小破,その他,その他,その他,その他,負傷,損傷なし,金,その他,,,,,,,,,,,,,36.014085,136.247595,2019-03-29,07:50,blue
本票,福井,福井南,0046,負傷,0,1,都道府県道 10340,対象外,0000,201,昼－昼,曇,市街地－その他,舗装－乾燥,交差点－その他,環状交差点以外 環状交差点以外をいう。,点灯－３灯式,規制なし,表示なし,規制なし,表示なし,交差点－中（5.5m以上）－中,直線－平坦,交差点内,規制なし,中央線－ペイント,区分あり－縁石・ブロック等,車両相互,75歳以上,75歳以上,貨物車－軽自動車,二輪車－原付自転車,自家用,自家用,貨物車,対象外当事者,40㎞／ｈ以下,指定の速度規制なし等,左後-無,前-無,小破,小破,その他,対象外当事者,その他,対象外当事者,損傷なし,負傷,木,当日,,,,,,,,,,,,,36.044892,136.181846,2019-03-21,11:52,blue
本票,福井,福井南,0047,負傷,0,2,一般市町村道 37000,対象外,0000,201,夜－夜,晴,市街地－その他,舗装－乾燥,交差点付近－その他,環状交差点以外 環状交差点以外をいう。,施設なし,対象外当事者,その他,対象外当事者,その他,単路－5.5m以上,直線－平坦,単路（交差点付近を含む）,規制なし,中央分離なし,区分あり－路側帯,車両単独,55～64歳,不明,貨物車－軽自動車,物件等,自家用,対象外当事者,貨物車,対象外当事者,40㎞／ｈ以下,対象外当事者,右前-無,無-無,小破,対象外当事者,その他,対象外当事者,その他,対象外当事者,損傷なし,対象外当事者,水,その他,,,,,,,,,,,,,36.005344,136.159170,2019-03-27,20:09,blue
本票,福井,福井南,0048,負傷,0,1,都道府県道 10340,対象外,0000,201,昼－昼,曇,市街地－その他,舗装－乾燥,単路－その他,環状交差点以外 環状交差点以外をいう。,施設なし,対象外当事者,その他,対象外当事者,その他,単路－9.0m以上,直線－平坦,単路（交差点付近を含む）,規制なし,中央線－ペイント,区分あり－縁石・ブロック等,車両相互,25～34歳,75歳以上,乗用車－普通車,乗用車－軽自動車,自家用,自家用,乗用車,乗用車,40㎞／ｈ以下,40㎞／ｈ以下,前-無,後-無,小破,小破,その他,その他,その他,その他,損傷なし,負傷,日,その他,,,,,,,,,,,,,36.046750,136.188434,2019-04-21,15:26,blue
本票,福井,福井南,0049,負傷,0,1,一般市町村道 37000,対象外,0000,201,昼－昼,曇,市街地－その他,舗装－乾燥,単路－その他,環状交差点以外 環状交差点以外をいう。,施設なし,対象外当事者,その他,対象外当事者,その他,単路－5.5m以上,直線－平坦,単路（交差点付近を含む）,規制なし,中央線－ペイント,区分あり－縁石・ブロック等,車両相互,0～24歳,25～34歳,乗用車－普通車,乗用車－軽自動車,自家用,自家用,乗用車,乗用車,指定の速度規制なし等,30㎞／ｈ以下,左前-無,右後-無,小破,小破,その他,その他,その他,その他,損傷なし,負傷,日,その他,,,,,,,,,,,,,36.033360,136.211179,2019-04-07,14:45,blue
本票,福井,福井南,0050,負傷,0,1,一般都道府県道 21540,対象外,0000,201,夜－夜,晴,非市街地,舗装－乾燥,単路－その他,環状交差点以外 環状交差点以外をいう。,施設なし,対象外当事者,その他,対象外当事者,その他,単路－9.0m以上,直線－平坦,単路（交差点付近を含む）,規制なし,中央線－ペイント,区分あり－路側帯,車両相互,45～54歳,35～44歳,乗用車－普通車,二輪車－自動二輪－軽二輪－126～250cc,自家用,自家用,乗用車,対象外当事者,50㎞／ｈ以下,50㎞／ｈ以下,前-無,後-無,小破,小破,その他,対象外当事者,その他,対象外当事者,損傷なし,負傷,土,その他,,,,,,,,,,,,,35.994495,136.192610,2019-04-20,19:40,blue
本票,福井,福井南,0051,負傷,0,1,一般都道府県道 21540,対象外,0000,201,昼－昼,晴,市街地－その他,舗装－乾燥,単路－その他,環状交差点以外 環状交差点以外をいう。,施設なし,対象外当事者,その他,対象外当事者,その他,単路－13.0m以上,直線－平坦,単路（交差点付近を含む）,規制なし,中央線－ペイント,区分あり－縁石・ブロック等,人対車両,45～54歳,75歳以上,乗用車－普通車,歩行者,自家用,対象外当事者,乗用車,対象外当事者,50㎞／ｈ以下,対象外当事者,前-無,無-無,小破,対象外当事者,その他,対象外当事者,その他,対象外当事者,損傷なし,負傷,月,その他,,,,,,,,,,,,,36.032130,136.213091,2019-04-15,09:03,blue
本票,福井,福井南,0052,負傷,0,1,一般都道府県道 21000,対象外,0000,201,夜－夜,雨,非市街地,舗装－湿潤,単路－その他,環状交差点以外 環状交差点以外をいう。,施設なし,対象外当事者,その他,対象外当事者,その他,単路－5.5m以上,直線－平坦,単路（交差点付近を含む）,規制なし,中央線－ペイント,区分あり－縁石・ブロック等,人対車両,35～44歳,45～54歳,乗用車－普通車,歩行者,自家用,対象外当事者,乗用車,対象外当事者,50㎞／ｈ以下,対象外当事者,前-無,無-無,中破,対象外当事者,装備あり 作動,対象外当事者,その他,対象外当事者,損傷なし,負傷,土,その他,,,,,,,,,,,,,36.029855,136.192690,2019-04-27,02:52,blue
本票,福井,福井南,0053,負傷,0,1,一般都道府県道 21540,対象外,0000,201,昼－昼,晴,市街地－その他,舗装－乾燥,単路－その他,環状交差点以外 環状交差点以外をいう。,施設なし,対象外当事者,その他,対象外当事者,その他,単路－9.0m以上,直線－平坦,単路（交差点付近を含む）,規制なし,中央線－ペイント,区分あり－縁石・ブロック等,車両相互,45～54歳,45～54歳,貨物車－準中型車,乗用車－普通車,自家用,自家用,貨物車,乗用車,50㎞／ｈ以下,50㎞／ｈ以下,左前-無,前-右,小破,中破,その他,装備あり 作動,その他,その他,損傷なし,損傷なし,月,その他,,,,,,,,,,,,,36.048314,136.215142,2019-04-22,17:06,blue
本票,福井,高速道路交通警察隊,0014,負傷,0,1,北陸自動車道 上り,上,0422,202,昼－昼,雨,非市街地,舗装－湿潤,単路－トンネル,環状交差点以外 環状交差点以外をいう。,施設なし,対象外当事者,その他,対象外当事者,その他,単路－5.5m以上,直線－平坦,単路（交差点付近を含む）,規制なし,中央分離帯,区分なし,車両相互,45～54歳,35～44歳,貨物車－大型車,乗用車－普通車,事業用,自家用,貨物車,乗用車,80㎞／ｈ以下,80㎞／ｈ以下,前-無,後-右,小破,小破,その他,その他,その他,その他,損傷なし,負傷,水,当日,422,中日本高速道路,走行車線－第一通行帯,完全分離－トンネル,直線,平坦－１％未満,曽々木,2,該当なし,該当なし,該当なし,362,35.615114,136.115296,2019-05-01,14:03,blue
本票,福井,福井,0141,負傷,0,1,一般市町村道 37000,対象外,0000,201,昼－昼,晴,市街地－その他,舗装－乾燥,交差点－その他,環状交差点以外 環状交差点以外をいう。,施設なし,標準－反射式,表示なし,規制なし,表示なし,交差点－中（5.5m以上）－中,直線－平坦,交差点内,規制なし,中央分離なし,区分あり－縁石・ブロック等,車両相互,55～64歳,65～74歳,乗用車－普通車,乗用車－普通車,事業用,自家用,乗用車,乗用車,指定の速度規制なし等,30㎞／ｈ以下,右前-無,左前-無,中破,中破,その他,装備あり 作動,その他,その他,損傷なし,負傷,月,その他,,,,,,,,,,,,,36.093329,136.213821,2019-04-15,09:25,blue
本票,福井,福井,0142,負傷,0,1,一般市町村道 37000,対象外,0000,201,昼－昼,雨,非市街地,舗装－湿潤,単路－その他,環状交差点以外 環状交差点以外をいう。,施設なし,対象外当事者,その他,対象外当事者,その他,単路－3.5m以上,直線－平坦,単路（交差点付近を含む）,規制なし,中央分離なし,区分なし,車両相互,75歳以上,75歳以上,貨物車－軽自動車,二輪車－原付自転車,自家用,自家用,貨物車,対象外当事者,指定の速度規制なし等,指定の速度規制なし等,左前-無,後-無,小破,小破,その他,対象外当事者,その他,対象外当事者,損傷なし,負傷,水,その他,,,,,,,,,,,,,36.031155,136.272209,2019-04-24,07:45,blue