資料区分,都道府県コード,警察署等コード,本票番号,事故内容,死者数,負傷者数,路線コード,上下線,地点コード,市区町村コード,昼夜,天候,地形,路面状態,道路形状,環状交差点の直径,信号機,一時停止規制　標識（当事者A）,一時停止規制　表示（当事者A）,一時停止規制　標識（当事者B）,一時停止規制　表示（当事者B）,車道幅員,道路線形,衝突地点,ゾーン規制,中央分離帯施設等,歩車道区分,事故類型,年齢（当事者A）,年齢（当事者B）,当事者種別（当事者A）,当事者種別（当事者B）,用途別（当事者A）,用途別（当事者B）,車両形状（当事者A）,車両形状（当事者B）,速度規制（指定のみ）（当事者A）,速度規制（指定のみ）（当事者B）,車両の衝突部位（当事者A）,車両の衝突部位（当事者B）,車両の損壊程度（当事者A）,車両の損壊程度（当事者B）,エアバッグの装備（当事者A）,エアバッグの装備（当事者B）,サイドエアバッグの装備（当事者A）,サイドエアバッグの装備（当事者B）,人身損傷程度（当事者A）,人身損傷程度（当事者B）,曜日(発生年月日),祝日(発生年月日),発生地点,道路管理者区分,道路区分,道路構造,曲線半径,縦断勾配,トンネル番号,当事者車両台数,車両単独事故の対象物,臨時速度規制の有無,速度規制（臨時のみ）,トンネル延長距離,緯度,経度,発生日,発生時,color
本票,福井,福井南,0008,負傷,0,1,一般市町村道 37000,対象外,0000,201,昼－明,雪,市街地－その他,舗装－積雪,交差点－その他,環状交差点以外 環状交差点以外をいう。,施設なし,標準－反射式,表示あり,規制なし,表示なし,交差点－小（5.5m未満）－小,直線－平坦,交差点内,規制なし,中央分離なし,区分なし,車両相互,55～64歳,45～54歳,貨物車－普通車,乗用車－軽自動車,事業用,自家用,貨物車,乗用車,指定の速度規制なし等,指定の速度規制なし等,前-無,前-左,小破,小破,その他,その他,その他,その他,損傷なし,負傷,日,その他,,,,,,,,,,,,,36.047622,136.192677,2021-01-03,08:05,blue
本票,福井,福井南,0009,負傷,0,1,一般の交通の用に供するその他の道路 99000,対象外,0000,201,夜－夜,晴,非市街地,舗装－湿潤,一般交通の場所,環状交差点以外 環状交差点以外をいう。,施設なし,対象外当事者,その他,対象外当事者,その他,一般交通の場所,一般交通の場所,その他,規制なし,一般交通の場所,区分なし,人対車両,75歳以上,不明,歩行者,対象外当事者,対象外当事者,対象外当事者,対象外当事者,対象外当事者,対象外当事者,対象外当事者,無-無,無-無,対象外当事者,対象外当事者,対象外当事者,対象外当事者,対象外当事者,対象外当事者,負傷,対象外当事者,月,その他,,,,,,,,,,,,,36.126192,136.167651,2021-01-25,01:53,blue
本票,福井,福井南,0010,負傷,0,1,一般市町村道 37000,対象外,0000,201,昼－昼,雨,市街地－人口集中,舗装－積雪,単路－その他,環状交差点以外 環状交差点以外をいう。,施設なし,対象外当事者,その他,対象外当事者,その他,単路－5.5m以上,直線－平坦,単路（交差点付近を含む）,規制なし,中央分離なし,区分あり－縁石・ブロック等,車両相互,25～34歳,55～64歳,乗用車－普通車,乗用車－軽自動車,自家用,自家用,乗用車,乗用車,40㎞／ｈ以下,40㎞／ｈ以下,前-無,後-前,小破,中破,その他,その他,その他,その他,損傷なし,負傷,水,その他,,,,,,,,,,,,,36.053557,136.178740,2021-01-13,12:26,blue
本票,福井,福井南,0011,負傷,0,1,一般市町村道 37000,対象外,0000,201,昼－昼,晴,市街地－人口集中,舗装－湿潤,単路－その他,環状交差点以外 環状交差点以外をいう。,施設なし,対象外当事者,その他,対象外当事者,その他,単路－5.5m以上,直線－平坦,単路（交差点付近を含む）,規制なし,中央分離なし,区分なし,車両相互,25～34歳,35～44歳,貨物車－中型車,乗用車－普通車,事業用,自家用,貨物車,乗用車,指定の速度規制なし等,指定の速度規制なし等,後-無,前-無,小破,小破,その他,その他,その他,その他,損傷なし,負傷,火,その他,,,,,,,,,,,,,36.033924,136.206298,2021-01-26,08:15,blue
本票,福井,福井南,0012,負傷,0,1,一般市町村道 37000,対象外,0000,201,夜－明,晴,市街地－人口集中,舗装－積雪,単路－その他,環状交差点以外 環状交差点以外をいう。,施設なし,対象外当事者,その他,対象外当事者,その他,単路－5.5m以上,直線－平坦,単路（交差点付近を含む）,規制なし,中央線－ペイント,区分あり－路側帯,車両単独,35～44歳,不明,貨物車－普通車,物件等,自家用,対象外当事者,貨物車,対象外当事者,40㎞／ｈ以下,対象外当事者,前-無,無-無,小破,対象外当事者,その他,対象外当事者,その他,対象外当事者,損傷なし,対象外当事者,土,その他,,,,,,,,,,,,,36.042915,136.179699,2021-01-30,06:07,blue
本票,福井,福井南,0015,負傷,0,1,一般市町村道 37000,対象外,0000,201,昼－暮,晴,市街地－その他,舗装－積雪,単路－その他,環状交差点以外 環状交差点以外をいう。,施設なし,対象外当事者,その他,対象外当事者,その他,単路－3.5m以上,直線－平坦,単路（交差点付近を含む）,規制なし,中央分離なし,区分なし,車両相互,35～44歳,35～44歳,貨物車－準中型車,貨物車－軽自動車,自家用,自家用,貨物車,貨物車,指定の速度規制なし等,指定の速度規制なし等,左後-無,左後-無,小破,小破,その他,その他,その他,その他,損傷なし,負傷,水,その他,,,,,,,,,,,,,36.062458,136.193022,2021-01-20,16:30,blue
本票,福井,福井,0023,負傷,0,1,一般市町村道 37000,対象外,0000,201,昼－昼,曇,市街地－その他,舗装－湿潤,交差点－その他,環状交差点以外 環状交差点以外をいう。,施設なし,標準－反射式,表示なし,規制なし,表示なし,交差点－中（5.5m以上）－中,直線－平坦,交差点内,規制なし,中央分離なし,区分あり－路側帯,車両相互,75歳以上,65～74歳,乗用車－軽自動車,乗用車－軽自動車,自家用,自家用,乗用車,乗用車,指定の速度規制なし等,30㎞／ｈ以下,左前-無,前-右前,小破,小破,その他,装備あり 作動,その他,その他,損傷なし,負傷,水,その他,,,,,,,,,,,,,36.065558,136.236307,2021-01-06,13:26,blue
本票,福井,福井,0024,負傷,0,1,一般市町村道 37000,対象外,0000,201,昼－昼,雨,市街地－その他,舗装－湿潤,交差点－その他,環状交差点以外 環状交差点以外をいう。,施設なし,標準－反射式,表示なし,規制なし,表示なし,交差点－小（5.5m未満）－小,直線－平坦,交差点内,規制なし,中央分離なし,区分なし,車両相互,35～44歳,25～34歳,乗用車－普通車,乗用車－普通車,自家用,自家用,乗用車,乗用車,指定の速度規制なし等,40㎞／ｈ以下,右前-無,左前-無,小破,小破,その他,その他,その他,その他,損傷なし,負傷,水,その他,,,,,,,,,,,,,36.052549,136.243654,2021-01-27,08:02,blue
本票,福井,福井,0027,負傷,0,1,国道8号線,下,4077,201,夜－暮,晴,市街地－その他,舗装－乾燥,単路－その他,環状交差点以外 環状交差点以外をいう。,施設なし,対象外当事者,その他,対象外当事者,その他,単路－13.0m以上,直線－平坦,単路（交差点付近を含む）,規制なし,中央分離帯,区分あり－縁石・ブロック等,車両相互,25～34歳,不明,乗用車－軽自動車,対象外当事者,自家用,対象外当事者,乗用車,対象外当事者,指定の速度規制なし等,対象外当事者,後-無,無-無,小破,対象外当事者,その他,対象外当事者,その他,対象外当事者,負傷,対象外当事者,月,その他,,,,,,,,,,,,,36.070883,136.243234,2021-01-25,17:55,blue
本票,福井,福井,0029,負傷,0,1,一般市町村道 37000,対象外,0000,201,昼－昼,晴,市街地－その他,舗装－乾燥,交差点－その他,環状交差点以外 環状交差点以外をいう。,施設なし,規制なし,表示あり,標準－反射式,表示あり,交差点－中（5.5m以上）－中,直線－平坦,交差点内,規制なし,中央分離なし,区分あり－路側帯,車両相互,25～34歳,65～74歳,乗用車－普通車,乗用車－軽自動車,自家用,自家用,乗用車,乗用車,30㎞／ｈ以下,30㎞／ｈ以下,前-無,左-無,小破,小破,その他,その他,その他,その他,負傷,損傷なし,土,その他,,,,,,,,,,,,,36.077880,136.202434,2021-02-06,13:20,blue
本票,福井,福井,0030,負傷,0,1,国道416号線,対象外,0000,201,昼－暮,晴,市街地－その他,舗装－湿潤,単路－その他,環状交差点以外 環状交差点以外をいう。,施設なし,対象外当事者,その他,対象外当事者,その他,単路－19.5m以上,直線－平坦,単路（交差点付近を含む）,規制なし,中央線－ペイント,区分あり－縁石・ブロック等,車両相互,45～54歳,25～34歳,乗用車－普通車,乗用車－軽自動車,自家用,自家用,乗用車,乗用車,50㎞／ｈ以下,50㎞／ｈ以下,後-無,前-無,小破,小破,その他,その他,その他,その他,負傷,損傷なし,火,その他,,,,,,,,,,,,,36.084906,136.239050,2021-01-26,17:15,blue
本票,福井,福井,0031,負傷,0,1,都道府県道 10360,対象外,0000,201,昼－昼,晴,市街地－人口集中,舗装－乾燥,交差点付近－その他,環状交差点以外 環状交差点以外をいう。,施設なし,対象外当事者,その他,対象外当事者,その他,単路－13.0m以上,直線－平坦,単路（交差点付近を含む）,規制なし,中央線－ペイント,区分あり－縁石・ブロック等,車両相互,35～44歳,不明,貨物車－軽自動車,対象外当事者,事業用,対象外当事者,貨物車,対象外当事者,50㎞／ｈ以下,対象外当事者,右後-無,無-無,小破,対象外当事者,その他,対象外当事者,その他,対象外当事者,負傷,対象外当事者,火,その他,,,,,,,,,,,,,36.072527,136.218234,2021-01-26,10:55,blue
本票,福井,福井,0032,負傷,0,1,一般市町村道 37000,対象外,0000,201,夜－夜,曇,市街地－その他,舗装－乾燥,交差点－その他,環状交差点以外 環状交差点以外をいう。,施設なし,規制なし,表示なし,規制なし,表示なし,交差点－中（5.5m以上）－小,直線－上り,交差点内,規制なし,中央線－ペイント,区分あり－縁石・ブロック等,車両相互,25～34歳,45～54歳,乗用車－普通車,乗用車－軽自動車,自家用,自家用,乗用車,乗用車,指定の速度規制なし等,50㎞／ｈ以下,前-無,左-無,小破,小破,その他,その他,その他,その他,損傷なし,負傷,水,その他,,,,,,,,,,,,,36.056848,136.253661,2021-01-13,18:10,blue
本票,福井,福井,0033,負傷,0,1,一般市町村道 37000,対象外,0000,201,昼－昼,晴,市街地－その他,舗装－乾燥,単路－その他,環状交差点以外 環状交差点以外をいう。,施設なし,対象外当事者,その他,対象外当事者,その他,単路－5.5m以上,直線－平坦,単路（交差点付近を含む）,規制なし,中央線－ペイント,区分あり－縁石・ブロック等,車両相互,25～34歳,25～34歳,乗用車－普通車,乗用車－普通車,自家用,自家用,乗用車,乗用車,40㎞／ｈ以下,40㎞／ｈ以下,前-無,後-無,小破,小破,その他,その他,その他,その他,損傷なし,負傷,水,その他,,,,,,,,,,,,,36.083161,136.236847,2021-01-20,14:00,blue
本票,福井,福井,0034,負傷,0,1,一般市町村道 37000,対象外,0000,201,昼－昼,曇,市街地－その他,舗装－乾燥,交差点－その他,環状交差点以外 環状交差点以外をいう。,施設なし,規制なし,表示なし,規制なし,表示なし,交差点－大（13.0ｍ以上）－中,直線－平坦,交差点内,規制なし,中央線－ペイント,区分なし,車両相互,0～24歳,25～34歳,乗用車－普通車,乗用車－普通車,自家用,自家用,乗用車,乗用車,指定の速度規制なし等,指定の速度規制なし等,右前-無,左-無,小破,小破,その他,その他,その他,その他,損傷なし,負傷,土,その他,,,,,,,,,,,,,36.065672,136.196499,2021-02-06,16:23,blue
本票,福井,福井,0035,負傷,0,1,一般市町村道 37000,対象外,0000,201,夜－夜,曇,市街地－その他,舗装－乾燥,交差点－その他,環状交差点以外 環状交差点以外をいう。,施設なし,規制なし,表示なし,標準－反射式,表示なし,交差点－中（5.5m以上）－中,直線－平坦,交差点内,規制なし,中央線－ペイント,区分あり－縁石・ブロック等,車両相互,0～24歳,0～24歳,乗用車－普通車,乗用車－軽自動車,自家用,自家用,乗用車,乗用車,50㎞／ｈ以下,指定の速度規制なし等,前-無,右-無,小破,小破,その他,その他,その他,その他,損傷なし,負傷,火,その他,,,,,,,,,,,,,36.086700,136.208827,2021-02-09,22:54,blue
本票,福井,福井,0036,負傷,0,1,一般市町村道 37000,対象外,0000,201,昼－昼,曇,市街地－人口集中,舗装－乾燥,単路－その他,環状交差点以外 環状交差点以外をいう。,施設なし,対象外当事者,その他,対象外当事者,その他,単路－5.5m以上,直線－平坦,単路（交差点付近を含む）,規制なし,中央線－ペイント,区分なし,車両相互,75歳以上,55～64歳,乗用車－普通車,乗用車－軽自動車,自家用,自家用,乗用車,乗用車,指定の速度規制なし等,指定の速度規制なし等,右後-無,右-無,小破,小破,その他,その他,その他,その他,損傷なし,損傷なし,月,その他,,,,,,,,,,,,,36.065945,136.210347,2021-02-08,13:34,blue
本票,福井,福井,0037,負傷,0,1,一般市町村道 37000,対象外,0000,201,夜－夜,雨,非市街地,舗装－湿潤,交差点－その他,環状交差点以外 環状交差点以外をいう。,施設なし,拡大－自発光式,表示あり,規制なし,表示なし,交差点－大（13.0ｍ以上）－中,直線－平坦,交差点内,規制なし,中央分離なし,区分なし,車両相互,35～44歳,25～34歳,乗用車－普通車,乗用車－軽自動車,自家用,自家用,乗用車,乗用車,指定の速度規制なし等,指定の速度規制なし等,前-無,右-無,中破,中破,装備あり 作動,装備あり 作動,その他,その他,損傷なし,負傷,日,その他,,,,,,,,,,,,,36.088094,136.260760,2021-01-17,18:20,blue
本票,福井,福井,0038,負傷,0,1,国道416号線,対象外,0000,201,昼－昼,曇,非市街地,舗装－湿潤,単路－その他,環状交差点以外 環状交差点以外をいう。,施設なし,対象外当事者,その他,対象外当事者,その他,単路－13.0m以上,直線－平坦,単路（交差点付近を含む）,規制なし,中央分離帯,区分あり－縁石・ブロック等,車両相互,25～34歳,35～44歳,乗用車－普通車,貨物車－普通車,自家用,自家用,乗用車,貨物車,指定の速度規制なし等,指定の速度規制なし等,後-無,前-無,中破,中破,その他,その他,その他,その他,負傷,損傷なし,火,その他,,,,,,,,,,,,,36.099531,136.196640,2021-02-09,13:55,blue
本票,福井,福井,0039,負傷,0,1,一般市町村道 37000,対象外,0000,201,昼－明,曇,市街地－人口集中,舗装－乾燥,交差点－その他,環状交差点以外 環状交差点以外をいう。,点灯－３灯式,規制なし,表示なし,対象外当事者,その他,交差点－中（5.5m以上）－中,直線－平坦,交差点内,規制なし,中央線－ペイント,区分あり－縁石・ブロック等,人対車両,35～44歳,0～24歳,乗用車－普通車,歩行者,自家用,対象外当事者,乗用車,対象外当事者,40㎞／ｈ以下,対象外当事者,前-無,無-無,小破,対象外当事者,その他,対象外当事者,その他,対象外当事者,損傷なし,負傷,金,その他,,,,,,,,,,,,,36.073100,136.206834,2021-02-05,07:50,blue
本票,福井,福井,0040,負傷,0,1,一般市町村道 37000,対象外,0000,201,昼－昼,曇,市街地－人口集中,舗装－乾燥,交差点－その他,環状交差点以外 環状交差点以外をいう。,施設なし,標準－反射式,表示なし,規制なし,表示なし,交差点－中（5.5m以上）－中,直線－平坦,交差点内,規制なし,中央線－ペイント,区分あり－縁石・ブロック等,車両相互,65～74歳,55～64歳,乗用車－普通車,乗用車－普通車,自家用,自家用,乗用車,乗用車,30㎞／ｈ以下,指定の速度規制なし等,左前-無,右-無,小破,小破,その他,その他,その他,その他,損傷なし,負傷,火,その他,,,,,,,,,,,,,36.076689,136.241469,2021-02-16,13:55,blue
本票,福井,福井,0041,負傷,0,1,一般市町村道 37000,対象外,0000,201,昼－昼,晴,市街地－その他,舗装－乾燥,交差点－その他,環状交差点以外 環状交差点以外をいう。,施設なし,標準－反射式,表示あり,規制なし,表示なし,交差点－中（5.5m以上）－小,直線－平坦,交差点内,規制なし,中央分離なし,区分なし,車両相互,35～44歳,75歳以上,乗用車－普通車,乗用車－軽自動車,自家用,自家用,乗用車,乗用車,30㎞／ｈ以下,40㎞／ｈ以下,左前-無,左-無,小破,小破,その他,その他,その他,その他,損傷なし,負傷,日,その他,,,,,,,,,,,,,36.069186,136.241924,2021-01-31,11:34,blue
本票,福井,福井,0042,負傷,0,1,都道府県道 10010,対象外,0000,201,夜－夜,曇,市街地－その他,舗装－湿潤,交差点－その他,環状交差点以外 環状交差点以外をいう。,点灯－３灯式,規制なし,表示なし,対象外当事者,その他,交差点－大（13.0ｍ以上）－大,直線－平坦,交差点内,規制なし,中央分離なし,区分あり－縁石・ブロック等,人対車両,65～74歳,45～54歳,乗用車－軽自動車,歩行者,自家用,対象外当事者,乗用車,対象外当事者,50㎞／ｈ以下,対象外当事者,前-無,無-無,小破,対象外当事者,その他,対象外当事者,その他,対象外当事者,損傷なし,負傷,日,その他,,,,,,,,,,,,,36.059413,136.220930,2021-01-03,18:20,blue
本票,福井,福井,0043,負傷,0,1,国道8号線,上,0000,201,夜－暮,晴,市街地－その他,舗装－乾燥,単路－その他,環状交差点以外 環状交差点以外をいう。,施設なし,対象外当事者,その他,対象外当事者,その他,単路－13.0m以上,直線－平坦,単路（交差点付近を含む）,規制なし,中央分離帯,区分あり－縁石・ブロック等,車両相互,25～34歳,25～34歳,乗用車－軽自動車,乗用車－軽自動車,自家用,自家用,乗用車,乗用車,指定の速度規制なし等,指定の速度規制なし等,前-無,後-無,小破,小破,その他,その他,その他,その他,損傷なし,負傷,土,その他,,,,,,,,,,,,,36.089584,136.248976,2021-02-06,18:02,blue
本票,福井,大野,0005,負傷,0,1,国道157号線,対象外,0000,205,昼－昼,曇,非市街地,舗装－積雪,交差点－その他,環状交差点以外 環状交差点以外をいう。,点灯－３灯式,規制なし,表示なし,規制なし,表示なし,交差点－大（13.0ｍ以上）－中,直線－平坦,交差点内,規制なし,中央分離帯,区分あり－縁石・ブロック等,車両相互,25～34歳,65～74歳,乗用車－普通車,貨物車－普通車,自家用,自家用,乗用車,貨物車,50㎞／ｈ以下,指定の速度規制なし等,右前-無,左前-無,中破,中破,その他,その他,その他,その他,負傷,損傷なし,金,その他,,,,,,,,,,,,,36.005850,136.509222,2021-01-15,08:24,blue
本票,福井,勝山,0001,負傷,0,1,一般市町村道 37000,対象外,0000,206,夜－夜,晴,非市街地,舗装－乾燥,単路－その他,環状交差点以外 環状交差点以外をいう。,施設なし,対象外当事者,その他,対象外当事者,その他,単路－5.5m以上,直線－平坦,単路（交差点付近を含む）,規制なし,中央線－ペイント,区分あり－縁石・ブロック等,車両相互,35～44歳,75歳以上,乗用車－普通車,貨物車－軽自動車,自家用,自家用,乗用車,貨物車,50㎞／ｈ以下,50㎞／ｈ以下,前-無,左後-無,中破,小破,その他,その他,その他,その他,損傷なし,負傷,木,その他,,,,,,,,,,,,,36.051280,136.500887,2021-01-28,18:25,blue
本票,福井,坂井,0011,負傷,0,1,都道府県道 10350,対象外,0000,210,夜－夜,雨,市街地－その他,舗装－湿潤,単路－その他,環状交差点以外 環状交差点以外をいう。,施設なし,対象外当事者,その他,対象外当事者,その他,単路－5.5m以上,直線－平坦,単路（交差点付近を含む）,規制なし,中央線－ペイント,区分あり－縁石・ブロック等,車両相互,25～34歳,0～24歳,乗用車－普通車,乗用車－軽自動車,自家用,自家用,乗用車,乗用車,指定の速度規制なし等,指定の速度規制なし等,右-右前,左前-無,小破,中破,その他,その他,その他,その他,損傷なし,損傷なし,土,その他,,,,,,,,,,,,,36.144155,136.219784,2021-01-23,19:50,blue
本票,福井,坂井,0012,負傷,0,1,都道府県道 10120,対象外,0000,210,昼－昼,晴,非市街地,舗装－乾燥,交差点付近－その他,環状交差点以外 環状交差点以外をいう。,施設なし,対象外当事者,その他,対象外当事者,その他,単路－5.5m以上,直線－平坦,単路（交差点付近を含む）,規制なし,中央線－ペイント,区分あり－路側帯,車両相互,35～44歳,35～44歳,貨物車－普通車,乗用車－軽自動車,自家用,自家用,貨物車,乗用車,50㎞／ｈ以下,50㎞／ｈ以下,前-無,後-無,小破,小破,その他,その他,その他,その他,損傷なし,負傷,日,その他,,,,,,,,,,,,,36.166463,136.255848,2020-12-20,08:53,blue
本票,福井,坂井,0013,負傷,0,1,都道府県道 10350,対象外,0000,210,昼－昼,晴,非市街地,舗装－乾燥,単路－その他,環状交差点以外 環状交差点以外をいう。,施設なし,対象外当事者,その他,対象外当事者,その他,単路－9.0m以上,直線－平坦,単路（交差点付近を含む）,規制なし,中央線－ペイント,区分あり－縁石・ブロック等,車両相互,25～34歳,65～74歳,乗用車－軽自動車,貨物車－軽自動車,自家用,自家用,乗用車,貨物車,指定の速度規制なし等,指定の速度規制なし等,後-無,前-無,小破,小破,その他,その他,その他,その他,負傷,損傷なし,月,その他,,,,,,,,,,,,,36.128301,136.219999,2021-01-25,16:00,blue
本票,福井,坂井,0014,負傷,0,2,一般都道府県道 21590,対象外,0000,210,夜－夜,雨,市街地－その他,舗装－湿潤,交差点－その他,環状交差点以外 環状交差点以外をいう。,点灯－３灯式,規制なし,表示なし,規制なし,表示なし,交差点－中（5.5m以上）－中,直線－平坦,交差点内,規制なし,中央線－ペイント,区分あり－路側帯,車両相互,45～54歳,35～44歳,乗用車－普通車,乗用車－普通車,自家用,自家用,乗用車,乗用車,40㎞／ｈ以下,40㎞／ｈ以下,前-無,前-無,中破,中破,その他,その他,その他,その他,損傷なし,負傷,日,その他,,,,,,,,,,,,,36.138765,136.215338,2021-01-17,18:08,blue
本票,福井,坂井,0015,負傷,0,1,都道府県道 10350,対象外,0000,210,夜－夜,曇,市街地－その他,舗装－乾燥,単路－その他,環状交差点以外 環状交差点以外をいう。,施設なし,対象外当事者,その他,対象外当事者,その他,単路－9.0m以上,直線－平坦,単路（交差点付近を含む）,規制なし,中央線－ペイント,区分あり－縁石・ブロック等,車両相互,25～34歳,0～24歳,乗用車－普通車,乗用車－軽自動車,自家用,自家用,乗用車,乗用車,50㎞／ｈ以下,50㎞／ｈ以下,前-無,後-無,小破,小破,その他,その他,その他,その他,損傷なし,負傷,木,その他,,,,,,,,,,,,,36.131594,136.220702,2021-02-04,19:30,blue
本票,福井,坂井,0016,負傷,0,1,一般市町村道 37000,対象外,0000,210,昼－昼,曇,市街地－その他,舗装－乾燥,単路－その他,環状交差点以外 環状交差点以外をいう。,施設なし,対象外当事者,その他,対象外当事者,その他,単路－5.5m以上,直線－平坦,単路（交差点付近を含む）,規制なし,中央線－ペイント,区分あり－縁石・ブロック等,車両相互,35～44歳,25～34歳,乗用車－普通車,乗用車－普通車,自家用,自家用,乗用車,乗用車,指定の速度規制なし等,指定の速度規制なし等,左前-無,左後-無,小破,小破,その他,その他,その他,その他,損傷なし,負傷,月,その他,,,,,,,,,,,,,36.130303,136.217591,2021-02-01,08:10,blue
本票,福井,坂井,0017,負傷,0,2,一般市町村道 37000,対象外,0000,210,昼－昼,晴,市街地－その他,舗装－乾燥,交差点－その他,環状交差点以外 環状交差点以外をいう。,点灯－押ボタン式,規制なし,表示なし,標準－反射式,表示あり,交差点－中（5.5m以上）－小,直線－平坦,交差点内,規制なし,中央分離なし,区分あり－縁石・ブロック等,車両相互,75歳以上,55～64歳,乗用車－軽自動車,貨物車－軽自動車,自家用,自家用,乗用車,貨物車,40㎞／ｈ以下,指定の速度規制なし等,左前-無,右前-無,小破,小破,装備あり 作動,その他,その他,その他,負傷,損傷なし,土,その他,,,,,,,,,,,,,36.123812,136.255817,2021-02-13,12:28,blue
本票,福井,坂井,0018,負傷,0,1,一般市町村道 37000,対象外,0000,210,昼－昼,晴,非市街地,舗装－乾燥,交差点－その他,環状交差点以外 環状交差点以外をいう。,施設なし,規制なし,表示なし,標準－反射式,表示あり,交差点－小（5.5m未満）－小,直線－平坦,交差点内,規制なし,中央分離なし,区分あり－路側帯,車両相互,45～54歳,75歳以上,乗用車－普通車,乗用車－軽自動車,自家用,自家用,乗用車,乗用車,40㎞／ｈ以下,指定の速度規制なし等,右前-無,左前-無,中破,中破,その他,その他,その他,その他,負傷,損傷なし,土,その他,,,,,,,,,,,,,36.122894,136.238272,2021-02-13,08:51,blue
本票,福井,あわら,0004,負傷,0,1,都道府県道 10010,対象外,0000,208,夜－暮,曇,非市街地,舗装－乾燥,交差点－その他,環状交差点以外 環状交差点以外をいう。,点灯－３灯式,規制なし,表示なし,規制なし,表示なし,交差点－中（5.5m以上）－中,直線－平坦,交差点内,規制なし,中央線－ペイント,区分なし,車両相互,45～54歳,35～44歳,乗用車－普通車,乗用車－普通車,自家用,自家用,乗用車,乗用車,50㎞／ｈ以下,50㎞／ｈ以下,前-無,右-無,中破,中破,装備あり 作動,装備あり 作動,その他,その他,損傷なし,負傷,土,その他,,,,,,,,,,,,,36.195137,136.192960,2021-02-06,18:20,blue
本票,福井,坂井西,0001,負傷,0,1,一般都道府県道 20090,対象外,0000,210,夜－暮,曇,市街地－その他,舗装－乾燥,単路－橋,環状交差点以外 環状交差点以外をいう。,施設なし,対象外当事者,その他,対象外当事者,その他,単路－5.5m以上,直線－平坦,単路（交差点付近を含む）,規制なし,中央線－ペイント,区分あり－縁石・ブロック等,車両相互,65～74歳,35～44歳,乗用車－普通車,乗用車－軽自動車,自家用,自家用,乗用車,乗用車,50㎞／ｈ以下,50㎞／ｈ以下,後-無,前-無,小破,小破,その他,その他,その他,その他,負傷,損傷なし,火,その他,,,,,,,,,,,,,36.207769,136.160873,2021-01-26,18:01,blue
本票,福井,鯖江,0012,負傷,0,1,一般市町村道 37000,対象外,0000,207,夜－夜,曇,市街地－その他,舗装－湿潤,単路－その他,環状交差点以外 環状交差点以外をいう。,施設なし,対象外当事者,その他,対象外当事者,その他,単路－3.5m以上,直線－平坦,単路（交差点付近を含む）,規制なし,中央分離なし,区分あり－路側帯,車両相互,25～34歳,35～44歳,乗用車－普通車,乗用車－普通車,自家用,自家用,乗用車,乗用車,30㎞／ｈ以下,30㎞／ｈ以下,前-無,後-無,小破,小破,その他,その他,その他,その他,損傷なし,負傷,金,その他,,,,,,,,,,,,,35.983267,136.188609,2021-01-22,18:52,blue
本票,福井,鯖江,0013,負傷,0,1,一般市町村道 37000,対象外,0000,207,昼－暮,晴,市街地－その他,舗装－乾燥,単路－カーブ・屈折,環状交差点以外 環状交差点以外をいう。,施設なし,対象外当事者,その他,対象外当事者,その他,単路－3.5m以上,カーブ・屈折－左－平坦,単路（交差点付近を含む）,規制なし,中央分離なし,区分なし,車両相互,65～74歳,不明,軽車両－自転車,対象外当事者,対象外当事者,対象外当事者,対象外当事者,対象外当事者,対象外当事者,対象外当事者,無-無,無-無,小破,対象外当事者,対象外当事者,対象外当事者,対象外当事者,対象外当事者,負傷,対象外当事者,金,その他,,,,,,,,,,,,,35.941899,136.176125,2020-11-13,16:15,blue
本票,福井,鯖江,0014,負傷,0,1,一般の交通の用に供するその他の道路 99000,対象外,0000,207,夜－暮,晴,市街地－その他,舗装－乾燥,一般交通の場所,環状交差点以外 環状交差点以外をいう。,施設なし,対象外当事者,その他,対象外当事者,その他,一般交通の場所,一般交通の場所,その他,規制なし,一般交通の場所,区分なし,人対車両,25～34歳,25～34歳,乗用車－普通車,歩行者,自家用,対象外当事者,乗用車,対象外当事者,指定の速度規制なし等,対象外当事者,左後-無,無-無,損壊なし,対象外当事者,その他,対象外当事者,その他,対象外当事者,損傷なし,負傷,木,その他,,,,,,,,,,,,,35.972716,136.176227,2021-01-21,17:57,blue
本票,福井,鯖江,0015,負傷,0,1,一般都道府県道 20070,対象外,0000,207,昼－昼,雪,非市街地,舗装－湿潤,交差点付近－その他,環状交差点以外 環状交差点以外をいう。,施設なし,対象外当事者,その他,対象外当事者,その他,単路－5.5m以上,直線－平坦,単路（交差点付近を含む）,規制なし,中央線－ペイント,区分あり－縁石・ブロック等,車両相互,35～44歳,45～54歳,乗用車－普通車,乗用車－普通車,自家用,自家用,乗用車,乗用車,40㎞／ｈ以下,40㎞／ｈ以下,前-無,後-無,小破,小破,その他,その他,その他,その他,損傷なし,負傷,月,その他,,,,,,,,,,,,,35.948234,136.223262,2021-02-08,07:55,blue